{
  "map50": 0.922693064641823,
  "map50_95": 0.7579462728215842,
  "map75": 0.9060870619513889
}